episode_reward_max,agent_timesteps_total,training_iteration,episode_reward_min,episodes_total,episode_reward_mean,timestamp,checkpoint_dir_name,should_checkpoint,done,trial_id,date,time_this_iter_s,time_total_s,pid,hostname,node_ip,time_since_restore,iterations_since_restore,info/num_env_steps_sampled,info/num_env_steps_trained,info/num_agent_steps_sampled,info/num_agent_steps_trained,perf/cpu_util_percent,perf/ram_util_percent,info/learner/pol_p1/num_agent_steps_trained,info/learner/pol_p1/num_grad_updates_lifetime,info/learner/pol_p1/diff_num_grad_updates_vs_sampler_policy,info/learner/pol_p0/num_agent_steps_trained,info/learner/pol_p0/num_grad_updates_lifetime,info/learner/pol_p0/diff_num_grad_updates_vs_sampler_policy,info/learner/pol_p1/learner_stats/cur_kl_coeff,info/learner/pol_p1/learner_stats/cur_lr,info/learner/pol_p1/learner_stats/total_loss,info/learner/pol_p1/learner_stats/policy_loss,info/learner/pol_p1/learner_stats/vf_loss,info/learner/pol_p1/learner_stats/vf_explained_var,info/learner/pol_p1/learner_stats/kl,info/learner/pol_p1/learner_stats/entropy,info/learner/pol_p1/learner_stats/entropy_coeff,info/learner/pol_p0/learner_stats/cur_kl_coeff,info/learner/pol_p0/learner_stats/cur_lr,info/learner/pol_p0/learner_stats/total_loss,info/learner/pol_p0/learner_stats/policy_loss,info/learner/pol_p0/learner_stats/vf_loss,info/learner/pol_p0/learner_stats/vf_explained_var,info/learner/pol_p0/learner_stats/kl,info/learner/pol_p0/learner_stats/entropy,info/learner/pol_p0/learner_stats/entropy_coeff
1.0,1000,1,0.0,5,0.4,1733939563,checkpoint_000000,True,False,b0ad8_00000,2024-12-11_17-52-43,9.436902284622192,9.436902284622192,35532,LAPTOP-B1AMSLFS,127.0.0.1,9.436902284622192,1,500,500,1000,1000,5.1571428571428575,53.25,125.0,200.5,199.5,125.0,200.5,199.5,0.20000000298023224,0.0003000000142492354,-0.04157369,-0.04728884,0.0014480033,0.7508612,0.02133574,1.7704072,0.0,0.20000000298023224,0.0003000000142492354,-0.04210958,-0.051427852,0.004226323,0.67992383,0.025459735,1.7663516,0.0
1.0,2000,2,0.0,11,0.4090909090909091,1733939566,,,False,b0ad8_00000,2024-12-11_17-52-46,3.2710273265838623,12.707929611206055,35532,LAPTOP-B1AMSLFS,127.0.0.1,12.707929611206055,2,1000,1000,2000,2000,4.85,54.1,125.0,600.5,199.5,125.0,600.5,199.5,0.30000001192092896,0.0003000000142492354,-0.06473811,-0.07625386,0.0024109944,0.75303894,0.030349204,1.7192127,0.0,0.30000001192092896,0.0003000000142492354,-0.054512996,-0.06271091,0.0020690807,0.77790886,0.020429427,1.7238092,0.0
1.0,3000,3,0.0,16,0.3125,1733939569,,,False,b0ad8_00000,2024-12-11_17-52-49,3.509291410446167,16.21722102165222,35532,LAPTOP-B1AMSLFS,127.0.0.1,16.21722102165222,3,1500,1500,3000,3000,5.720000000000001,54.379999999999995,125.0,1000.5,199.5,125.0,1000.5,199.5,0.44999998807907104,0.0003000000142492354,-0.048616853,-0.06257732,0.0018650657,0.6947931,0.026878662,1.6903276,0.0,0.44999998807907104,0.0003000000142492354,-0.070331156,-0.08461469,0.00057658186,0.5997066,0.030459907,1.7281488,0.0
1.0,4000,4,0.0,21,0.2857142857142857,1733939572,,,False,b0ad8_00000,2024-12-11_17-52-52,2.8045594692230225,19.021780490875244,35532,LAPTOP-B1AMSLFS,127.0.0.1,19.021780490875244,4,2000,2000,4000,4000,5.025,53.475,125.0,1400.5,199.5,125.0,1400.5,199.5,0.675000011920929,0.0003000000142492354,-0.04837877,-0.062301427,0.0032564425,0.5726447,0.0158018,1.6717778,0.0,0.675000011920929,0.0003000000142492354,-0.05647067,-0.069331594,0.00071316375,0.8257309,0.017996674,1.6999286,0.0
1.0,5000,5,0.0,26,0.23076923076923078,1733939575,,,False,b0ad8_00000,2024-12-11_17-52-55,2.4060146808624268,21.42779517173767,35532,LAPTOP-B1AMSLFS,127.0.0.1,21.42779517173767,5,2500,2500,5000,5000,4.2,51.824999999999996,125.0,1800.5,199.5,125.0,1800.5,199.5,0.675000011920929,0.0003000000142492354,-0.06568468,-0.077898905,0.00011618582,-1.0,0.017923014,1.6450205,0.0,0.675000011920929,0.0003000000142492354,-0.057700995,-0.07255892,9.960888e-05,-1.0,0.021864181,1.6545486,0.0
1.0,6000,6,0.0,31,0.22580645161290322,1733939577,,,False,b0ad8_00000,2024-12-11_17-52-57,2.371936559677124,23.799731731414795,35532,LAPTOP-B1AMSLFS,127.0.0.1,23.799731731414795,6,3000,3000,6000,6000,3.633333333333333,51.73333333333333,125.0,2200.5,199.5,125.0,2200.5,199.5,0.675000011920929,0.0003000000142492354,-0.05791461,-0.07171545,0.0017153925,0.6992604,0.017904378,1.6053882,0.0,1.0125000476837158,0.0003000000142492354,-0.03839106,-0.052503522,0.002812109,0.6848254,0.011160841,1.6328969,0.0
1.0,7000,7,0.0,36,0.2222222222222222,1733939579,,,False,b0ad8_00000,2024-12-11_17-52-59,2.309992790222168,26.109724521636963,35532,LAPTOP-B1AMSLFS,127.0.0.1,26.109724521636963,7,3500,3500,7000,7000,3.3333333333333335,51.70000000000001,125.0,2600.5,199.5,125.0,2600.5,199.5,0.675000011920929,0.0003000000142492354,-0.049894962,-0.061909884,0.00090141164,0.9179221,0.016464459,1.5701089,0.0,1.0125000476837158,0.0003000000142492354,-0.05272869,-0.06708647,0.0006278662,0.85201436,0.0135604115,1.6344486,0.0
1.0,8000,8,0.0,41,0.21951219512195122,1733939582,,,False,b0ad8_00000,2024-12-11_17-53-02,2.3572051525115967,28.46692967414856,35532,LAPTOP-B1AMSLFS,127.0.0.1,28.46692967414856,8,4000,4000,8000,8000,4.0,51.76666666666667,125.0,3000.5,199.5,125.0,3000.5,199.5,0.675000011920929,0.0003000000142492354,-0.03568557,-0.04711332,0.0029852604,0.2582889,0.012507395,1.5747306,0.0,1.0125000476837158,0.0003000000142492354,-0.042975254,-0.057364088,0.0007181071,0.8457434,0.01350195,1.6218473,0.0
1.0,9000,9,0.0,46,0.20652173913043478,1733939584,,,False,b0ad8_00000,2024-12-11_17-53-04,2.4464058876037598,30.91333556175232,35532,LAPTOP-B1AMSLFS,127.0.0.1,30.91333556175232,9,4500,4500,9000,9000,3.275,51.8,125.0,3400.5,199.5,125.0,3400.5,199.5,0.675000011920929,0.0003000000142492354,-0.04679124,-0.059272274,0.0003257414,0.85856706,0.018007841,1.5500494,0.0,1.0125000476837158,0.0003000000142492354,-0.046400525,-0.057163816,0.0005508256,0.9201277,0.010086386,1.6303905,0.0
1.0,10000,10,0.0,52,0.20192307692307693,1733939587,,,False,b0ad8_00000,2024-12-11_17-53-07,2.9132208824157715,33.82655644416809,35532,LAPTOP-B1AMSLFS,127.0.0.1,33.82655644416809,10,5000,5000,10000,10000,7.9,52.25,125.0,3800.5,199.5,125.0,3800.5,199.5,0.675000011920929,0.0003000000142492354,-0.040887795,-0.05254074,0.0035690183,0.49653518,0.011976192,1.5256766,0.0,1.0125000476837158,0.0003000000142492354,-0.05478489,-0.06990026,0.0009141302,0.6418552,0.0140259145,1.5690417,0.0
1.0,11000,11,0.0,57,0.19298245614035087,1733939590,,,False,b0ad8_00000,2024-12-11_17-53-10,2.408921003341675,36.235477447509766,35532,LAPTOP-B1AMSLFS,127.0.0.1,36.235477447509766,11,5500,5500,11000,11000,3.766666666666667,52.53333333333333,125.0,4200.5,199.5,125.0,4200.5,199.5,0.675000011920929,0.0003000000142492354,-0.061515264,-0.075400345,0.0009333923,0.85969985,0.01918769,1.5506607,0.0,1.0125000476837158,0.0003000000142492354,-0.058108702,-0.07246467,0.00048567652,0.79415774,0.01369905,1.6147401,0.0
1.0,12000,12,0.0,62,0.1774193548387097,1733939592,,,False,b0ad8_00000,2024-12-11_17-53-12,2.388273000717163,38.62375044822693,35532,LAPTOP-B1AMSLFS,127.0.0.1,38.62375044822693,12,6000,6000,12000,12000,3.55,52.55,125.0,4600.5,199.5,125.0,4600.5,199.5,0.675000011920929,0.0003000000142492354,-0.06603874,-0.080289744,0.00042558313,0.31395507,0.020482099,1.5551269,0.0,1.0125000476837158,0.0003000000142492354,-0.0776457,-0.094609946,9.268863e-05,0.18300834,0.016663268,1.5941833,0.0
1.0,13000,13,0.0,67,0.19402985074626866,1733939594,,,False,b0ad8_00000,2024-12-11_17-53-14,2.2312119007110596,40.85496234893799,35532,LAPTOP-B1AMSLFS,127.0.0.1,40.85496234893799,13,6500,6500,13000,13000,2.6999999999999997,52.6,125.0,5000.5,199.5,125.0,5000.5,199.5,1.0125000476837158,0.0003000000142492354,-0.050258532,-0.066775985,0.0020382344,0.8055994,0.014300458,1.5587496,0.0,1.0125000476837158,0.0003000000142492354,-0.039082855,-0.056030564,0.0039335527,0.68420744,0.0128534855,1.5741551,0.0
1.0,14000,14,0.0,72,0.1875,1733939597,,,False,b0ad8_00000,2024-12-11_17-53-17,2.3273751735687256,43.182337522506714,35532,LAPTOP-B1AMSLFS,127.0.0.1,43.182337522506714,14,7000,7000,14000,14000,3.266666666666667,52.6,125.0,5400.5,199.5,125.0,5400.5,199.5,1.0125000476837158,0.0003000000142492354,-0.056245327,-0.07888489,0.0013506341,0.8523753,0.021026103,1.4549731,0.0,1.0125000476837158,0.0003000000142492354,-0.057342548,-0.0743569,0.0020545695,0.88247526,0.014775097,1.6023525,0.0
1.0,15000,15,0.0,77,0.18181818181818182,1733939600,,,False,b0ad8_00000,2024-12-11_17-53-20,3.244086742401123,46.42642426490784,35532,LAPTOP-B1AMSLFS,127.0.0.1,46.42642426490784,15,7500,7500,15000,15000,6.6,53.260000000000005,125.0,5800.5,199.5,125.0,5800.5,199.5,1.5187499523162842,0.0003000000142492354,-0.054766968,-0.07331367,0.0007656576,0.60367924,0.01170768,1.4863626,0.0,1.0125000476837158,0.0003000000142492354,-0.06536744,-0.08212247,0.0005164129,-0.25811046,0.016038144,1.5583154,0.0
1.0,16000,16,0.0,82,0.17073170731707318,1733939602,,,False,b0ad8_00000,2024-12-11_17-53-22,2.5784707069396973,49.004894971847534,35532,LAPTOP-B1AMSLFS,127.0.0.1,49.004894971847534,16,8000,8000,16000,16000,3.9333333333333336,53.86666666666667,125.0,6200.5,199.5,125.0,6200.5,199.5,1.5187499523162842,0.0003000000142492354,-0.055595092,-0.07052277,0.0004421747,0.9279578,0.009537783,1.5083766,0.0,1.0125000476837158,0.0003000000142492354,-0.06258154,-0.08229865,0.0005181503,0.9124219,0.018961942,1.5526706,0.0
1.0,17000,17,0.0,87,0.1724137931034483,1733939605,,,False,b0ad8_00000,2024-12-11_17-53-25,2.388213634490967,51.3931086063385,35532,LAPTOP-B1AMSLFS,127.0.0.1,51.3931086063385,17,8500,8500,17000,17000,3.35,53.8,125.0,6600.5,199.5,125.0,6600.5,199.5,1.5187499523162842,0.0003000000142492354,-0.055968076,-0.073944,0.00058433384,0.922,0.011451256,1.5113684,0.0,1.0125000476837158,0.0003000000142492354,-0.058836512,-0.071675666,0.00023309686,0.8901102,0.012450421,1.5964394,0.0
1.0,18000,18,0.0,92,0.16847826086956522,1733939607,,,False,b0ad8_00000,2024-12-11_17-53-27,2.58677339553833,53.97988200187683,35532,LAPTOP-B1AMSLFS,127.0.0.1,53.97988200187683,18,9000,9000,18000,18000,5.333333333333333,53.53333333333333,125.0,7000.5,199.5,125.0,7000.5,199.5,1.5187499523162842,0.0003000000142492354,-0.04466086,-0.057286758,0.00019627981,0.4998789,0.00818411,1.4072913,0.0,1.0125000476837158,0.0003000000142492354,-0.055041995,-0.07326337,0.00013153936,0.4389533,0.017866498,1.5048404,0.0
1.0,19000,19,0.0,97,0.16494845360824742,1733939610,,,False,b0ad8_00000,2024-12-11_17-53-30,2.499778985977173,56.479660987854004,35532,LAPTOP-B1AMSLFS,127.0.0.1,56.479660987854004,19,9500,9500,19000,19000,4.85,53.0,125.0,7400.5,199.5,125.0,7400.5,199.5,1.5187499523162842,0.0003000000142492354,-0.052918125,-0.06548612,0.00032129546,0.8861128,0.0080636665,1.4654754,0.0,1.0125000476837158,0.0003000000142492354,-0.05400155,-0.06637387,0.00032027997,0.7557796,0.011903255,1.5476625,0.0
1.0,20000,20,0.0,102,0.155,1733939612,,,False,b0ad8_00000,2024-12-11_17-53-32,2.4258034229278564,58.90546441078186,35532,LAPTOP-B1AMSLFS,127.0.0.1,58.90546441078186,20,10000,10000,20000,20000,4.8999999999999995,53.0,125.0,7800.5,199.5,125.0,7800.5,199.5,1.5187499523162842,0.0003000000142492354,-0.044957515,-0.06433757,0.0029397092,0.71119195,0.010824919,1.3920959,0.0,1.0125000476837158,0.0003000000142492354,-0.064761065,-0.08148749,0.0005150289,0.7221772,0.016011259,1.5331409,0.0
1.0,21000,21,0.0,107,0.145,1733939615,,,False,b0ad8_00000,2024-12-11_17-53-35,2.401855945587158,61.30732035636902,35532,LAPTOP-B1AMSLFS,127.0.0.1,61.30732035636902,21,10500,10500,21000,21000,3.975,53.0,125.0,8200.5,199.5,125.0,8200.5,199.5,1.5187499523162842,0.0003000000142492354,-0.039578184,-0.054072715,0.0007294005,0.834416,0.009063456,1.4130614,0.0,1.0125000476837158,0.0003000000142492354,-0.053462595,-0.06765206,0.0010406206,0.85831636,0.012986512,1.5103314,0.0
1.0,22000,22,0.0,112,0.145,1733939617,,,False,b0ad8_00000,2024-12-11_17-53-37,2.5696537494659424,63.87697410583496,35532,LAPTOP-B1AMSLFS,127.0.0.1,63.87697410583496,22,11000,11000,22000,22000,4.966666666666667,53.0,125.0,8600.5,199.5,125.0,8600.5,199.5,1.5187499523162842,0.0003000000142492354,-0.058333665,-0.07731248,0.00077153125,0.9032184,0.011988337,1.3556064,0.0,1.0125000476837158,0.0003000000142492354,-0.06525141,-0.08036596,0.0008848279,0.8849406,0.0140540525,1.5456827,0.0
1.0,23000,23,0.0,117,0.145,1733939620,,,False,b0ad8_00000,2024-12-11_17-53-40,2.40765118598938,66.28462529182434,35532,LAPTOP-B1AMSLFS,127.0.0.1,66.28462529182434,23,11500,11500,23000,23000,3.433333333333333,53.0,125.0,9000.5,199.5,125.0,9000.5,199.5,1.5187499523162842,0.0003000000142492354,-0.04818276,-0.06300769,0.0005224312,0.9308893,0.009417286,1.356108,0.0,1.0125000476837158,0.0003000000142492354,-0.05116641,-0.061587885,0.00039281213,0.92413974,0.009904854,1.2763481,0.0
1.0,24000,24,0.0,122,0.14,1733939622,,,False,b0ad8_00000,2024-12-11_17-53-42,2.2881524562835693,68.57277774810791,35532,LAPTOP-B1AMSLFS,127.0.0.1,68.57277774810791,24,12000,12000,24000,24000,3.55,53.0,125.0,9400.5,199.5,125.0,9400.5,199.5,1.5187499523162842,0.0003000000142492354,-0.048410464,-0.07006748,0.00032540088,0.71891546,0.01404551,1.4232715,0.0,1.0125000476837158,0.0003000000142492354,-0.062434893,-0.08842155,0.00063280255,0.8592824,0.02504084,1.444871,0.0
1.0,25000,25,0.0,127,0.15,1733939625,,,False,b0ad8_00000,2024-12-11_17-53-45,2.5824577808380127,71.15523552894592,35532,LAPTOP-B1AMSLFS,127.0.0.1,71.15523552894592,25,12500,12500,25000,25000,5.466666666666666,53.333333333333336,125.0,9800.5,199.5,125.0,9800.5,199.5,1.5187499523162842,0.0003000000142492354,-0.05365738,-0.068570286,0.0007110817,0.84232324,0.009351001,1.3939447,0.0,1.5187499523162842,0.0003000000142492354,-0.043777887,-0.055484295,0.0014588881,0.7556332,0.00674734,1.3760033,0.0
1.0,26000,26,0.0,132,0.15,1733939627,,,False,b0ad8_00000,2024-12-11_17-53-47,2.615053415298462,73.77028894424438,35532,LAPTOP-B1AMSLFS,127.0.0.1,73.77028894424438,26,13000,13000,26000,26000,5.15,53.75000000000001,125.0,10200.5,199.5,125.0,10200.5,199.5,1.5187499523162842,0.0003000000142492354,-0.044627868,-0.062715255,0.00032447965,0.9459296,0.011695738,1.3828309,0.0,1.5187499523162842,0.0003000000142492354,-0.062068596,-0.084326744,0.0010426,0.82904935,0.013969082,1.4507376,0.0
1.0,27000,27,0.0,137,0.16,1733939630,,,False,b0ad8_00000,2024-12-11_17-53-50,3.0490610599517822,76.81935000419617,35532,LAPTOP-B1AMSLFS,127.0.0.1,76.81935000419617,27,13500,13500,27000,27000,8.525,54.074999999999996,125.0,10600.5,199.5,125.0,10600.5,199.5,1.5187499523162842,0.0003000000142492354,-0.05049823,-0.0656576,0.0007889044,0.84149396,0.009462038,1.3962381,0.0,1.5187499523162842,0.0003000000142492354,-0.039063253,-0.061219595,0.002900691,0.7919876,0.01267862,1.436408,0.0
1.0,28000,28,0.0,143,0.175,1733939633,,,False,b0ad8_00000,2024-12-11_17-53-53,2.472478151321411,79.29182815551758,35532,LAPTOP-B1AMSLFS,127.0.0.1,79.29182815551758,28,14000,14000,28000,28000,4.475,54.075,125.0,11000.5,199.5,125.0,11000.5,199.5,1.5187499523162842,0.0003000000142492354,-0.05616871,-0.071076825,0.000692686,0.9357333,0.00935995,1.268369,0.0,1.5187499523162842,0.0003000000142492354,-0.039125707,-0.052734207,0.0023030834,0.8403148,0.007443899,1.2896833,0.0
1.0,29000,29,0.0,148,0.17,1733939635,,,False,b0ad8_00000,2024-12-11_17-53-55,2.6550426483154297,81.94687080383301,35532,LAPTOP-B1AMSLFS,127.0.0.1,81.94687080383301,29,14500,14500,29000,29000,3.8666666666666667,54.03333333333333,125.0,11400.5,199.5,125.0,11400.5,199.5,1.5187499523162842,0.0003000000142492354,-0.048686936,-0.06609759,0.00047104462,0.2370908,0.011153648,1.3017215,0.0,1.5187499523162842,0.0003000000142492354,-0.038788006,-0.052218426,0.0010270743,0.80812025,0.008166818,1.3390493,0.0
1.0,30000,30,0.0,153,0.165,1733939638,,,False,b0ad8_00000,2024-12-11_17-53-58,2.6074883937835693,84.55435919761658,35532,LAPTOP-B1AMSLFS,127.0.0.1,84.55435919761658,30,15000,15000,30000,30000,5.525,54.1,125.0,11800.5,199.5,125.0,11800.5,199.5,1.5187499523162842,0.0003000000142492354,-0.05152936,-0.06833972,0.000102389015,0.5653209,0.011001136,1.2572441,0.0,1.5187499523162842,0.0003000000142492354,-0.046532728,-0.06254994,0.00021251512,-0.03335308,0.010406384,1.3778393,0.0
1.0,31000,31,0.0,158,0.165,1733939641,,,False,b0ad8_00000,2024-12-11_17-54-01,2.705965518951416,87.260324716568,35532,LAPTOP-B1AMSLFS,127.0.0.1,87.260324716568,31,15500,15500,31000,31000,4.050000000000001,54.1,125.0,12200.5,199.5,125.0,12200.5,199.5,1.5187499523162842,0.0003000000142492354,-0.03212288,-0.043062977,0.00048718823,0.8778371,0.0068825735,1.354534,0.0,1.5187499523162842,0.0003000000142492354,-0.026507124,-0.03833127,0.00039218846,0.83420694,0.0075272145,1.3478867,0.0
1.0,32000,32,0.0,163,0.175,1733939643,,,False,b0ad8_00000,2024-12-11_17-54-03,2.498103141784668,89.75842785835266,35532,LAPTOP-B1AMSLFS,127.0.0.1,89.75842785835266,32,16000,16000,32000,32000,3.6999999999999997,54.1,125.0,12600.5,199.5,125.0,12600.5,199.5,1.5187499523162842,0.0003000000142492354,-0.0469697,-0.06689239,0.0013085011,0.7167659,0.012256257,1.3319238,0.0,1.5187499523162842,0.0003000000142492354,-0.058146276,-0.070839554,0.00031356057,0.87586516,0.008151254,1.4136449,0.0
1.0,33000,33,0.0,168,0.155,1733939646,,,False,b0ad8_00000,2024-12-11_17-54-06,2.7223949432373047,92.48082280158997,35532,LAPTOP-B1AMSLFS,127.0.0.1,92.48082280158997,33,16500,16500,33000,33000,5.775,54.224999999999994,125.0,13000.5,199.5,125.0,13000.5,199.5,1.5187499523162842,0.0003000000142492354,-0.046956457,-0.062468182,0.00017759303,-0.23460354,0.010096545,1.2352612,0.0,1.5187499523162842,0.0003000000142492354,-0.04939927,-0.06497498,0.00016154141,0.5452234,0.010149248,1.1277208,0.0
1.0,34000,34,0.0,173,0.15,1733939648,,,False,b0ad8_00000,2024-12-11_17-54-08,2.457089424133301,94.93791222572327,35532,LAPTOP-B1AMSLFS,127.0.0.1,94.93791222572327,34,17000,17000,34000,34000,4.525,54.2,125.0,13400.5,199.5,125.0,13400.5,199.5,1.5187499523162842,0.0003000000142492354,-0.050003763,-0.0670764,5.380269e-05,0.72875535,0.011205817,1.2694981,0.0,1.5187499523162842,0.0003000000142492354,-0.040304825,-0.05501623,0.000107384774,0.66198814,0.009615818,1.3631326,0.0
1.0,35000,35,0.0,178,0.155,1733939651,,,False,b0ad8_00000,2024-12-11_17-54-11,2.369631052017212,97.30754327774048,35532,LAPTOP-B1AMSLFS,127.0.0.1,97.30754327774048,35,17500,17500,35000,35000,4.0,54.20000000000001,125.0,13800.5,199.5,125.0,13800.5,199.5,1.5187499523162842,0.0003000000142492354,-0.03970905,-0.05336131,0.000720412,0.9079065,0.008514795,1.1914992,0.0,1.5187499523162842,0.0003000000142492354,-0.0396402,-0.052903343,0.0010493725,0.76220614,0.008041992,1.3816229,0.0
1.0,36000,36,0.0,183,0.165,1733939653,,,False,b0ad8_00000,2024-12-11_17-54-13,2.4637742042541504,99.77131748199463,35532,LAPTOP-B1AMSLFS,127.0.0.1,99.77131748199463,36,18000,18000,36000,36000,3.2000000000000006,54.20000000000001,125.0,14200.5,199.5,125.0,14200.5,199.5,1.5187499523162842,0.0003000000142492354,-0.044603977,-0.059558082,0.0006227172,0.91623,0.0094363075,1.3167279,0.0,1.5187499523162842,0.0003000000142492354,-0.053314205,-0.07365332,0.0012804306,0.8823526,0.012548926,1.3243356,0.0
1.0,37000,37,0.0,188,0.17,1733939656,,,False,b0ad8_00000,2024-12-11_17-54-16,2.540994882583618,102.31231236457825,35532,LAPTOP-B1AMSLFS,127.0.0.1,102.31231236457825,37,18500,18500,37000,37000,4.525,54.2,125.0,14600.5,199.5,125.0,14600.5,199.5,1.5187499523162842,0.0003000000142492354,-0.038808323,-0.0519171,0.0006418848,0.91061646,0.008208652,1.3623979,0.0,1.5187499523162842,0.0003000000142492354,-0.043926574,-0.0662087,0.0011034168,0.88498145,0.013944834,1.309664,0.0
1.0,38000,38,0.0,193,0.175,1733939659,,,False,b0ad8_00000,2024-12-11_17-54-19,2.672701835632324,104.98501420021057,35532,LAPTOP-B1AMSLFS,127.0.0.1,104.98501420021057,38,19000,19000,38000,38000,4.525,54.349999999999994,125.0,15000.5,199.5,125.0,15000.5,199.5,1.5187499523162842,0.0003000000142492354,-0.05147376,-0.07408008,0.0006058238,0.9191657,0.01448592,1.290879,0.0,1.5187499523162842,0.0003000000142492354,-0.04998256,-0.072283685,0.00094085606,0.88613284,0.014064379,1.2922721,0.0
1.0,39000,39,0.0,198,0.18,1733939661,,,False,b0ad8_00000,2024-12-11_17-54-21,2.469898223876953,107.45491242408752,35532,LAPTOP-B1AMSLFS,127.0.0.1,107.45491242408752,39,19500,19500,39000,39000,4.066666666666666,54.5,125.0,15400.5,199.5,125.0,15400.5,199.5,1.5187499523162842,0.0003000000142492354,-0.044468693,-0.05672448,0.00039876983,0.935258,0.0078070927,1.2635019,0.0,1.5187499523162842,0.0003000000142492354,-0.04696455,-0.06571558,0.0010212405,0.8318606,0.0116739385,1.3283043,0.0
1.0,40000,40,0.0,203,0.18,1733939664,,,False,b0ad8_00000,2024-12-11_17-54-24,2.6503779888153076,110.10529041290283,35532,LAPTOP-B1AMSLFS,127.0.0.1,110.10529041290283,40,20000,20000,40000,40000,3.775,54.5,125.0,15800.5,199.5,125.0,15800.5,199.5,1.5187499523162842,0.0003000000142492354,-0.053004406,-0.07254242,0.00093407376,0.8397778,0.012249505,1.2168196,0.0,1.5187499523162842,0.0003000000142492354,-0.052005365,-0.07141444,0.0010466336,0.8559047,0.012090493,1.252166,0.0
1.0,41000,41,0.0,208,0.18,1733939666,,,False,b0ad8_00000,2024-12-11_17-54-26,2.6335721015930176,112.73886251449585,35532,LAPTOP-B1AMSLFS,127.0.0.1,112.73886251449585,41,20500,20500,41000,41000,5.075,54.5,125.0,16200.5,199.5,125.0,16200.5,199.5,1.5187499523162842,0.0003000000142492354,-0.04803417,-0.06683812,0.00069935346,0.91928023,0.011920721,1.2213683,0.0,1.5187499523162842,0.0003000000142492354,-0.040021267,-0.051156007,0.0013842476,0.87616897,0.006420076,1.2082313,0.0
1.0,42000,42,0.0,213,0.175,1733939669,,,False,b0ad8_00000,2024-12-11_17-54-29,2.495121717453003,115.23398423194885,35532,LAPTOP-B1AMSLFS,127.0.0.1,115.23398423194885,42,21000,21000,42000,42000,3.5666666666666664,54.5,125.0,16600.5,199.5,125.0,16600.5,199.5,1.5187499523162842,0.0003000000142492354,-0.033634666,-0.045507852,0.0002744239,0.4878815,0.0076370477,1.1882355,0.0,1.5187499523162842,0.0003000000142492354,-0.05454034,-0.07236935,0.00034103534,0.74022174,0.01151472,1.3056686,0.0
1.0,43000,43,0.0,218,0.175,1733939671,,,False,b0ad8_00000,2024-12-11_17-54-31,2.5076749324798584,117.74165916442871,35532,LAPTOP-B1AMSLFS,127.0.0.1,117.74165916442871,43,21500,21500,43000,43000,4.9,54.5,125.0,17000.5,199.5,125.0,17000.5,199.5,1.5187499523162842,0.0003000000142492354,-0.03564834,-0.05019181,0.000713806,0.85621244,0.0091059515,1.1787047,0.0,1.5187499523162842,0.0003000000142492354,-0.05013941,-0.06830164,0.0017652389,0.69467574,0.010796372,1.2335954,0.0
1.0,44000,44,0.0,223,0.195,1733939674,,,False,b0ad8_00000,2024-12-11_17-54-34,2.4676547050476074,120.20931386947632,35532,LAPTOP-B1AMSLFS,127.0.0.1,120.20931386947632,44,22000,22000,44000,44000,4.666666666666667,54.5,125.0,17400.5,199.5,125.0,17400.5,199.5,1.5187499523162842,0.0003000000142492354,-0.052700404,-0.069700286,0.0008367263,0.91734433,0.010642408,1.1952243,0.0,1.5187499523162842,0.0003000000142492354,-0.046776228,-0.06702916,0.002377427,0.9166353,0.011769878,1.2431476,0.0
1.0,45000,45,0.0,228,0.19,1733939676,,,False,b0ad8_00000,2024-12-11_17-54-36,2.6136474609375,122.82296133041382,35532,LAPTOP-B1AMSLFS,127.0.0.1,122.82296133041382,45,22500,22500,45000,45000,4.05,54.4,125.0,17800.5,199.5,125.0,17800.5,199.5,1.5187499523162842,0.0003000000142492354,-0.041428756,-0.058676597,0.0013537997,0.62270373,0.010465209,1.0772102,0.0,1.5187499523162842,0.0003000000142492354,-0.045358397,-0.057804026,0.0015246725,0.08816117,0.0071907546,1.2800522,0.0
1.0,46000,46,0.0,234,0.2,1733939679,,,False,b0ad8_00000,2024-12-11_17-54-39,2.8317577838897705,125.65471911430359,35532,LAPTOP-B1AMSLFS,127.0.0.1,125.65471911430359,46,23000,23000,46000,46000,6.275,54.425,125.0,18200.5,199.5,125.0,18200.5,199.5,1.5187499523162842,0.0003000000142492354,-0.037315775,-0.051350337,0.00091563724,0.8416135,0.008637973,1.1486509,0.0,1.5187499523162842,0.0003000000142492354,-0.044775896,-0.059529435,0.0018162963,0.8420421,0.008518349,1.1822613,0.0
1.0,47000,47,0.0,239,0.2,1733939682,,,False,b0ad8_00000,2024-12-11_17-54-42,2.653003215789795,128.30772233009338,35532,LAPTOP-B1AMSLFS,127.0.0.1,128.30772233009338,47,23500,23500,47000,47000,4.525,54.574999999999996,125.0,18600.5,199.5,125.0,18600.5,199.5,1.5187499523162842,0.0003000000142492354,-0.039759293,-0.05285471,0.0008144382,0.8882907,0.008086242,1.1765813,0.0,1.5187499523162842,0.0003000000142492354,-0.043487452,-0.057746075,0.0009055619,0.861857,0.008792138,1.1283075,0.0
1.0,48000,48,0.0,244,0.195,1733939685,,,False,b0ad8_00000,2024-12-11_17-54-45,2.5888283252716064,130.896550655365,35532,LAPTOP-B1AMSLFS,127.0.0.1,130.896550655365,48,24000,24000,48000,48000,4.9,54.70000000000001,125.0,19000.5,199.5,125.0,19000.5,199.5,1.5187499523162842,0.0003000000142492354,-0.03312586,-0.044398885,0.0007396646,0.8611267,0.006935549,1.081083,0.0,1.5187499523162842,0.0003000000142492354,-0.048443984,-0.070789985,0.0026807953,0.6813605,0.012948283,1.1029651,0.0
1.0,49000,49,0.0,249,0.205,1733939687,,,False,b0ad8_00000,2024-12-11_17-54-47,2.4333395957946777,133.32989025115967,35532,LAPTOP-B1AMSLFS,127.0.0.1,133.32989025115967,49,24500,24500,49000,49000,4.825,54.6,125.0,19400.5,199.5,125.0,19400.5,199.5,1.5187499523162842,0.0003000000142492354,-0.045755643,-0.062769994,0.00078028307,0.83946234,0.010689102,1.1655034,0.0,1.5187499523162842,0.0003000000142492354,-0.044403806,-0.059524726,0.0010585104,0.93370074,0.009259203,1.1294855,0.0
1.0,50000,50,0.0,254,0.22,1733939689,,,False,b0ad8_00000,2024-12-11_17-54-49,2.4570705890655518,135.78696084022522,35532,LAPTOP-B1AMSLFS,127.0.0.1,135.78696084022522,50,25000,25000,50000,50000,4.333333333333333,54.56666666666666,125.0,19800.5,199.5,125.0,19800.5,199.5,1.5187499523162842,0.0003000000142492354,-0.048845902,-0.064482234,0.0009914539,0.9494119,0.0096427165,1.1409445,0.0,1.5187499523162842,0.0003000000142492354,-0.028774977,-0.044175755,0.0012505542,0.7442575,0.00931702,0.9848921,0.0
1.0,51000,51,0.0,259,0.225,1733939692,checkpoint_000001,True,False,b0ad8_00000,2024-12-11_17-54-52,2.4036598205566406,138.19062066078186,35532,LAPTOP-B1AMSLFS,127.0.0.1,138.19062066078186,51,25500,25500,51000,51000,3.266666666666667,54.53333333333333,125.0,20200.5,199.5,125.0,20200.5,199.5,1.5187499523162842,0.0003000000142492354,-0.061738826,-0.08670037,0.00035910791,0.8773989,0.016199136,1.1266643,0.0,1.5187499523162842,0.0003000000142492354,-0.04237078,-0.057611063,0.0006414349,0.90965515,0.009612411,1.0116056,0.0
1.0,52000,52,0.0,264,0.22,1733939695,,,False,b0ad8_00000,2024-12-11_17-54-55,2.7447195053100586,140.93534016609192,35532,LAPTOP-B1AMSLFS,127.0.0.1,140.93534016609192,52,26000,26000,52000,52000,5.875,54.65,125.0,20600.5,199.5,125.0,20600.5,199.5,1.5187499523162842,0.0003000000142492354,-0.026576886,-0.041759916,0.0012811554,0.91162384,0.009153495,0.7977188,0.0,1.5187499523162842,0.0003000000142492354,-0.045710105,-0.06383277,0.00032659087,0.69631195,0.011717576,1.2395272,0.0
1.0,53000,53,0.0,269,0.235,1733939697,,,False,b0ad8_00000,2024-12-11_17-54-57,2.6865737438201904,143.6219139099121,35532,LAPTOP-B1AMSLFS,127.0.0.1,143.6219139099121,53,26500,26500,53000,53000,5.8999999999999995,54.925000000000004,125.0,21000.5,199.5,125.0,21000.5,199.5,1.5187499523162842,0.0003000000142492354,-0.02602737,-0.03878272,0.0010398157,0.8516785,0.0077139316,1.0521349,0.0,1.5187499523162842,0.0003000000142492354,-0.047280513,-0.06735091,0.0005045532,0.8876996,0.012882859,1.0041424,0.0
1.0,54000,54,0.0,274,0.24,1733939700,,,False,b0ad8_00000,2024-12-11_17-55-00,2.859890937805176,146.48180484771729,35532,LAPTOP-B1AMSLFS,127.0.0.1,146.48180484771729,54,27000,27000,54000,54000,4.6,54.849999999999994,125.0,21400.5,199.5,125.0,21400.5,199.5,1.5187499523162842,0.0003000000142492354,-0.04433598,-0.057060078,0.001134666,0.81078535,0.0076309037,1.1636466,0.0,1.5187499523162842,0.0003000000142492354,-0.038403615,-0.055339776,0.00084043737,0.9074806,0.010598008,0.962825,0.0
1.0,55000,55,0.0,279,0.255,1733939703,,,False,b0ad8_00000,2024-12-11_17-55-03,2.516767978668213,148.9985728263855,35532,LAPTOP-B1AMSLFS,127.0.0.1,148.9985728263855,55,27500,27500,55000,55000,4.25,54.825,125.0,21800.5,199.5,125.0,21800.5,199.5,1.5187499523162842,0.0003000000142492354,-0.050230294,-0.068336174,0.0012300601,0.89621294,0.011111651,1.2816801,0.0,1.5187499523162842,0.0003000000142492354,-0.03165449,-0.04330225,0.00097059744,0.95103914,0.0070302356,0.95499665,0.0
1.0,56000,56,0.0,284,0.24,1733939705,,,False,b0ad8_00000,2024-12-11_17-55-05,2.754077911376953,151.75265073776245,35532,LAPTOP-B1AMSLFS,127.0.0.1,151.75265073776245,56,28000,28000,56000,56000,4.533333333333334,54.93333333333334,125.0,22200.5,199.5,125.0,22200.5,199.5,1.5187499523162842,0.0003000000142492354,-0.035995074,-0.050348464,0.00058826455,0.9472766,0.009063456,1.2274089,0.0,1.5187499523162842,0.0003000000142492354,-0.03441049,-0.062076148,0.0004002677,0.7686651,0.017952517,0.97605455,0.0
1.0,57000,57,0.0,289,0.235,1733939708,,,False,b0ad8_00000,2024-12-11_17-55-08,2.44296932220459,154.19562005996704,35532,LAPTOP-B1AMSLFS,127.0.0.1,154.19562005996704,57,28500,28500,57000,57000,5.075,54.825,125.0,22600.5,199.5,125.0,22600.5,199.5,1.5187499523162842,0.0003000000142492354,-0.040231172,-0.057131957,0.00047641978,0.9265449,0.0108143985,1.0695342,0.0,1.5187499523162842,0.0003000000142492354,-0.036116622,-0.048207995,0.00029886034,0.9145002,0.007764617,1.1101309,0.0
1.0,58000,58,0.0,294,0.235,1733939710,,,False,b0ad8_00000,2024-12-11_17-55-10,2.4660511016845703,156.6616711616516,35532,LAPTOP-B1AMSLFS,127.0.0.1,156.6616711616516,58,29000,29000,58000,58000,3.533333333333333,54.79999999999999,125.0,23000.5,199.5,125.0,23000.5,199.5,1.5187499523162842,0.0003000000142492354,-0.04055539,-0.060955763,0.0003051904,0.6982776,0.013231397,1.1892618,0.0,1.5187499523162842,0.0003000000142492354,-0.038581055,-0.0517552,0.0002482114,0.96529955,0.008510903,1.1436403,0.0
1.0,59000,59,0.0,299,0.24,1733939714,,,False,b0ad8_00000,2024-12-11_17-55-14,3.2582900524139404,159.91996121406555,35532,LAPTOP-B1AMSLFS,127.0.0.1,159.91996121406555,59,29500,29500,59000,59000,7.6,55.04,125.0,23400.5,199.5,125.0,23400.5,199.5,1.5187499523162842,0.0003000000142492354,-0.028303144,-0.03531929,0.00062030787,0.7027076,0.004211254,1.0750012,0.0,1.5187499523162842,0.0003000000142492354,-0.048692778,-0.06493067,0.000114995964,0.79690385,0.010615897,1.0652337,0.0
1.0,60000,60,0.0,305,0.25,1733939716,,,False,b0ad8_00000,2024-12-11_17-55-16,2.5074219703674316,162.42738318443298,35532,LAPTOP-B1AMSLFS,127.0.0.1,162.42738318443298,60,30000,30000,60000,60000,3.466666666666667,55.20000000000001,125.0,23800.5,199.5,125.0,23800.5,199.5,0.7593749761581421,0.0003000000142492354,-0.05683878,-0.06927341,0.0011518713,0.8989031,0.014857968,1.2728665,0.0,1.5187499523162842,0.0003000000142492354,-0.040478274,-0.054827385,0.0010306764,0.9377998,0.008769345,1.1394888,0.0
1.0,61000,61,0.0,310,0.26,1733939719,,,False,b0ad8_00000,2024-12-11_17-55-19,2.6078100204467773,165.03519320487976,35532,LAPTOP-B1AMSLFS,127.0.0.1,165.03519320487976,61,30500,30500,61000,61000,4.949999999999999,55.275000000000006,125.0,24200.5,199.5,125.0,24200.5,199.5,0.7593749761581421,0.0003000000142492354,-0.05173232,-0.063817404,0.000764577,0.9080388,0.014907655,1.1443825,0.0,1.5187499523162842,0.0003000000142492354,-0.04898611,-0.078164674,0.0016752582,0.7901991,0.01810917,1.0252727,0.0
1.0,62000,62,0.0,315,0.26,1733939722,,,False,b0ad8_00000,2024-12-11_17-55-22,2.724517822265625,167.75971102714539,35532,LAPTOP-B1AMSLFS,127.0.0.1,167.75971102714539,62,31000,31000,62000,62000,5.324999999999999,55.35,125.0,24600.5,199.5,125.0,24600.5,199.5,0.7593749761581421,0.0003000000142492354,-0.06629416,-0.10256243,0.00037042255,0.91950333,0.047272872,1.0905278,0.0,1.5187499523162842,0.0003000000142492354,-0.03376342,-0.054559804,0.0012709423,0.85665804,0.012856258,1.0300777,0.0
1.0,63000,63,0.0,320,0.26,1733939725,,,False,b0ad8_00000,2024-12-11_17-55-25,3.165018320083618,170.924729347229,35532,LAPTOP-B1AMSLFS,127.0.0.1,170.924729347229,63,31500,31500,63000,63000,7.0,55.675,125.0,25000.5,199.5,125.0,25000.5,199.5,1.139062523841858,0.0003000000142492354,-0.040719792,-0.06734547,0.0013466685,0.814782,0.02219282,1.2031255,0.0,1.5187499523162842,0.0003000000142492354,-0.041719187,-0.054056223,0.0007744908,0.8303711,0.0076131998,0.9568195,0.0
1.0,64000,64,0.0,325,0.245,1733939728,,,False,b0ad8_00000,2024-12-11_17-55-28,3.2602198123931885,174.1849491596222,35532,LAPTOP-B1AMSLFS,127.0.0.1,174.1849491596222,64,32000,32000,64000,64000,8.34,55.8,125.0,25400.5,199.5,125.0,25400.5,199.5,1.708593726158142,0.0003000000142492354,-0.039789867,-0.05404188,0.00041758863,0.47927392,0.008096967,1.1177049,0.0,1.5187499523162842,0.0003000000142492354,-0.029987717,-0.045318082,0.00024071157,0.6235788,0.00993558,1.0533588,0.0
1.0,65000,65,0.0,330,0.235,1733939731,,,False,b0ad8_00000,2024-12-11_17-55-31,2.8280575275421143,177.0130066871643,35532,LAPTOP-B1AMSLFS,127.0.0.1,177.0130066871643,65,32500,32500,65000,65000,6.975,55.8,125.0,25800.5,199.5,125.0,25800.5,199.5,1.708593726158142,0.0003000000142492354,-0.04646517,-0.064885475,0.00020089415,-1.0,0.010663395,1.1227216,0.0,1.5187499523162842,0.0003000000142492354,-0.058077525,-0.09280596,0.00021163715,-1.0,0.022727113,1.0240271,0.0
1.0,66000,66,0.0,335,0.225,1733939734,,,False,b0ad8_00000,2024-12-11_17-55-34,2.895465135574341,179.90847182273865,35532,LAPTOP-B1AMSLFS,127.0.0.1,179.90847182273865,66,33000,33000,66000,66000,6.625,55.8,125.0,26200.5,199.5,125.0,26200.5,199.5,1.708593726158142,0.0003000000142492354,-0.030679492,-0.043384448,0.0015732195,0.94759077,0.006515146,0.84308326,0.0,2.278125047683716,0.0003000000142492354,-0.03093527,-0.042837705,0.00021537207,0.93189013,0.0051301247,0.9580212,0.0
1.0,67000,67,0.0,340,0.22,1733939736,,,False,b0ad8_00000,2024-12-11_17-55-36,2.5679702758789062,182.47644209861755,35532,LAPTOP-B1AMSLFS,127.0.0.1,182.47644209861755,67,33500,33500,67000,67000,5.2749999999999995,55.65,125.0,26600.5,199.5,125.0,26600.5,199.5,1.708593726158142,0.0003000000142492354,-0.037995152,-0.05506549,0.00067093683,0.8960198,0.009598183,0.8829048,0.0,2.278125047683716,0.0003000000142492354,-0.03615575,-0.052360382,0.00084081286,0.9183868,0.006744063,1.0251992,0.0
1.0,68000,68,0.0,345,0.22,1733939739,,,False,b0ad8_00000,2024-12-11_17-55-39,2.810380220413208,185.28682231903076,35532,LAPTOP-B1AMSLFS,127.0.0.1,185.28682231903076,68,34000,34000,68000,68000,7.2,55.833333333333336,125.0,27000.5,199.5,125.0,27000.5,199.5,1.708593726158142,0.0003000000142492354,-0.034300923,-0.04628495,0.00039679685,0.77500916,0.0067817355,1.1491983,0.0,2.278125047683716,0.0003000000142492354,-0.031124244,-0.04333716,0.0004609435,0.85512143,0.005158616,0.9820057,0.0
1.0,69000,69,0.0,350,0.215,1733939742,,,False,b0ad8_00000,2024-12-11_17-55-42,2.4932074546813965,187.78002977371216,35532,LAPTOP-B1AMSLFS,127.0.0.1,187.78002977371216,69,34500,34500,69000,69000,4.425,55.875,125.0,27400.5,199.5,125.0,27400.5,199.5,1.708593726158142,0.0003000000142492354,-0.049641415,-0.07789175,0.0004875169,0.8856386,0.016248932,1.0402085,0.0,2.278125047683716,0.0003000000142492354,-0.028744139,-0.04668952,0.0012702628,0.8541062,0.0073196655,0.87108386,0.0
1.0,70000,70,0.0,355,0.22,1733939744,,,False,b0ad8_00000,2024-12-11_17-55-44,2.779735565185547,190.5597653388977,35532,LAPTOP-B1AMSLFS,127.0.0.1,190.5597653388977,70,35000,35000,70000,70000,5.8,55.825,125.0,27800.5,199.5,125.0,27800.5,199.5,1.708593726158142,0.0003000000142492354,-0.034350585,-0.049443003,0.00086644455,0.9210245,0.00832613,1.0576135,0.0,2.278125047683716,0.0003000000142492354,-0.0472694,-0.06433351,0.0012123812,0.8870885,0.0069582374,0.88141817,0.0
1.0,71000,71,0.0,360,0.22,1733939747,,,False,b0ad8_00000,2024-12-11_17-55-47,2.7289721965789795,193.28873753547668,35532,LAPTOP-B1AMSLFS,127.0.0.1,193.28873753547668,71,35500,35500,71000,71000,5.175000000000001,55.8,125.0,28200.5,199.5,125.0,28200.5,199.5,1.708593726158142,0.0003000000142492354,-0.031875297,-0.04763644,0.00038593778,0.9428638,0.008998746,0.98975545,0.0,2.278125047683716,0.0003000000142492354,-0.021956462,-0.032719746,0.00029178534,0.9373074,0.0045965416,0.8873299,0.0
1.0,72000,72,0.0,365,0.22,1733939750,,,False,b0ad8_00000,2024-12-11_17-55-50,2.704982042312622,195.9937195777893,35532,LAPTOP-B1AMSLFS,127.0.0.1,195.9937195777893,72,36000,36000,72000,72000,3.725,55.8,125.0,28600.5,199.5,125.0,28600.5,199.5,1.708593726158142,0.0003000000142492354,-0.03775236,-0.051092435,0.001160686,0.8611897,0.007128312,0.91043997,0.0,1.139062523841858,0.0003000000142492354,-0.059853896,-0.07417785,0.0003661399,0.94869125,0.012253769,0.97334844,0.0
1.0,73000,73,0.0,370,0.225,1733939752,,,False,b0ad8_00000,2024-12-11_17-55-52,2.624342679977417,198.61806225776672,35532,LAPTOP-B1AMSLFS,127.0.0.1,198.61806225776672,73,36500,36500,73000,73000,3.766666666666667,55.833333333333336,125.0,29000.5,199.5,125.0,29000.5,199.5,1.708593726158142,0.0003000000142492354,-0.040194202,-0.051350445,0.0009518417,0.88221514,0.0059723975,0.99365264,0.0,1.139062523841858,0.0003000000142492354,-0.0518683,-0.06344037,0.0006226161,0.86634713,0.0096126925,0.94833875,0.0
1.0,74000,74,0.0,375,0.225,1733939755,,,False,b0ad8_00000,2024-12-11_17-55-55,2.549966812133789,201.1680290699005,35532,LAPTOP-B1AMSLFS,127.0.0.1,201.1680290699005,74,37000,37000,74000,74000,5.55,55.9,125.0,29400.5,199.5,125.0,29400.5,199.5,1.708593726158142,0.0003000000142492354,-0.028775163,-0.04370662,0.00024082085,0.9594853,0.008598087,0.9580468,0.0,1.139062523841858,0.0003000000142492354,-0.045765482,-0.06425908,0.00023049425,0.9271379,0.016033452,1.0004666,0.0
1.0,75000,75,0.0,380,0.215,1733939757,,,False,b0ad8_00000,2024-12-11_17-55-57,2.4585728645324707,203.62660193443298,35532,LAPTOP-B1AMSLFS,127.0.0.1,203.62660193443298,75,37500,37500,75000,75000,4.833333333333333,55.79999999999999,125.0,29800.5,199.5,125.0,29800.5,199.5,1.708593726158142,0.0003000000142492354,-0.045048207,-0.060454465,0.0010305903,0.9616435,0.00841374,1.0723338,0.0,1.139062523841858,0.0003000000142492354,-0.043658633,-0.062033854,0.0010681639,0.886113,0.0151941255,1.0923152,0.0
1.0,76000,76,0.0,385,0.21,1733939760,,,False,b0ad8_00000,2024-12-11_17-56-00,2.586331844329834,206.21293377876282,35532,LAPTOP-B1AMSLFS,127.0.0.1,206.21293377876282,76,38000,38000,76000,76000,4.45,55.8,125.0,30200.5,199.5,125.0,30200.5,199.5,1.708593726158142,0.0003000000142492354,-0.031344894,-0.04161649,0.00046082705,0.65119094,0.0057420097,0.7501553,0.0,1.139062523841858,0.0003000000142492354,-0.053871438,-0.07759715,0.00043931906,0.5575119,0.020443467,0.9109043,0.0
1.0,77000,77,0.0,390,0.22,1733939763,,,False,b0ad8_00000,2024-12-11_17-56-03,2.7798070907592773,208.9927408695221,35532,LAPTOP-B1AMSLFS,127.0.0.1,208.9927408695221,77,38500,38500,77000,77000,5.9,55.875,125.0,30600.5,199.5,125.0,30600.5,199.5,1.708593726158142,0.0003000000142492354,-0.04113097,-0.059928626,0.0002990533,0.78153694,0.010826796,1.0347972,0.0,1.708593726158142,0.0003000000142492354,-0.034985147,-0.050583962,0.00042708445,0.9414351,0.008879662,0.8902174,0.0
1.0,78000,78,0.0,395,0.225,1733939766,,,False,b0ad8_00000,2024-12-11_17-56-06,3.0210161209106445,212.01375699043274,35532,LAPTOP-B1AMSLFS,127.0.0.1,212.01375699043274,78,39000,39000,78000,78000,7.225,55.975,125.0,31000.5,199.5,125.0,31000.5,199.5,1.708593726158142,0.0003000000142492354,-0.034846168,-0.049826603,0.0003262791,0.9337659,0.008576737,0.9398195,0.0,1.708593726158142,0.0003000000142492354,-0.054626215,-0.069813326,0.00022277303,0.8954094,0.008758276,0.9092696,0.0
1.0,79000,79,0.0,400,0.235,1733939768,,,False,b0ad8_00000,2024-12-11_17-56-08,2.517997980117798,214.53175497055054,35532,LAPTOP-B1AMSLFS,127.0.0.1,214.53175497055054,79,39500,39500,79000,79000,4.775,55.9,125.0,31400.5,199.5,125.0,31400.5,199.5,1.708593726158142,0.0003000000142492354,-0.037275158,-0.049544636,0.0002415168,0.9167658,0.0070396853,0.8950823,0.0,1.708593726158142,0.0003000000142492354,-0.03506323,-0.04737527,0.00055517314,0.93464416,0.0068810154,0.8468814,0.0
1.0,80000,80,0.0,405,0.22,1733939771,,,False,b0ad8_00000,2024-12-11_17-56-11,2.4011261463165283,216.93288111686707,35532,LAPTOP-B1AMSLFS,127.0.0.1,216.93288111686707,80,40000,40000,80000,80000,3.266666666666667,55.9,125.0,31800.5,199.5,125.0,31800.5,199.5,1.708593726158142,0.0003000000142492354,-0.04117851,-0.070811726,0.0005595328,0.9097143,0.017016148,1.1104501,0.0,1.708593726158142,0.0003000000142492354,-0.031033745,-0.047209933,0.0017668492,0.8916312,0.008433452,0.83407176,0.0
1.0,81000,81,0.0,410,0.22,1733939773,,,False,b0ad8_00000,2024-12-11_17-56-13,2.373976230621338,219.3068573474884,35532,LAPTOP-B1AMSLFS,127.0.0.1,219.3068573474884,81,40500,40500,81000,81000,3.4333333333333336,55.9,125.0,32200.5,199.5,125.0,32200.5,199.5,1.708593726158142,0.0003000000142492354,-0.02274943,-0.0416503,0.0008952167,0.8764439,0.010538292,0.8995647,0.0,1.708593726158142,0.0003000000142492354,-0.031063491,-0.049405318,0.0005251665,0.9202911,0.010427675,0.97035927,0.0
1.0,82000,82,0.0,415,0.215,1733939776,,,False,b0ad8_00000,2024-12-11_17-56-16,2.333991050720215,221.64084839820862,35532,LAPTOP-B1AMSLFS,127.0.0.1,221.64084839820862,82,41000,41000,82000,82000,3.1999999999999997,55.8,125.0,32600.5,199.5,125.0,32600.5,199.5,1.708593726158142,0.0003000000142492354,-0.04876423,-0.06807345,0.00041404486,0.83983535,0.0110589145,0.88746417,0.0,1.708593726158142,0.0003000000142492354,-0.054325704,-0.08571451,0.00021870532,0.9254686,0.018243136,1.0712112,0.0
1.0,83000,83,0.0,420,0.205,1733939778,,,False,b0ad8_00000,2024-12-11_17-56-18,2.3951914310455322,224.03603982925415,35532,LAPTOP-B1AMSLFS,127.0.0.1,224.03603982925415,83,41500,41500,83000,83000,3.4,55.79999999999999,125.0,33000.5,199.5,125.0,33000.5,199.5,1.708593726158142,0.0003000000142492354,-0.029883435,-0.039437328,9.547437e-05,0.06194649,0.0055357916,0.7146272,0.0,1.708593726158142,0.0003000000142492354,-0.04311635,-0.070005886,0.00010385814,-0.337586,0.01567703,1.0923507,0.0
1.0,84000,84,0.0,425,0.21,1733939781,,,False,b0ad8_00000,2024-12-11_17-56-21,2.632093906402588,226.66813373565674,35532,LAPTOP-B1AMSLFS,127.0.0.1,226.66813373565674,84,42000,42000,84000,84000,5.0249999999999995,55.825,125.0,33400.5,199.5,125.0,33400.5,199.5,1.708593726158142,0.0003000000142492354,-0.035696134,-0.04628873,0.0004401834,0.83700377,0.0059419703,0.8505189,0.0,1.708593726158142,0.0003000000142492354,-0.037508357,-0.049261812,0.0005795117,0.81605834,0.0065398472,0.92780393,0.0
1.0,85000,85,0.0,430,0.215,1733939783,,,False,b0ad8_00000,2024-12-11_17-56-23,2.830127716064453,229.4982614517212,35532,LAPTOP-B1AMSLFS,127.0.0.1,229.4982614517212,85,42500,42500,85000,85000,6.65,55.85,125.0,33800.5,199.5,125.0,33800.5,199.5,1.708593726158142,0.0003000000142492354,-0.03631076,-0.05187843,0.00028625672,0.93299925,0.008943855,0.7939941,0.0,1.708593726158142,0.0003000000142492354,-0.035797354,-0.050562162,0.00018973042,0.95495343,0.008530454,1.1418524,0.0
1.0,86000,86,0.0,435,0.215,1733939786,,,False,b0ad8_00000,2024-12-11_17-56-26,2.667080879211426,232.16534233093262,35532,LAPTOP-B1AMSLFS,127.0.0.1,232.16534233093262,86,43000,43000,86000,86000,5.966666666666666,55.93333333333334,125.0,34200.5,199.5,125.0,34200.5,199.5,1.708593726158142,0.0003000000142492354,-0.032878105,-0.04756386,0.00018783184,0.8407057,0.008485293,0.81299317,0.0,1.708593726158142,0.0003000000142492354,-0.036946885,-0.051181827,0.0005597541,0.9193977,0.008003769,0.8913269,0.0
1.0,87000,87,0.0,440,0.21,1733939789,,,False,b0ad8_00000,2024-12-11_17-56-29,2.4245975017547607,234.58993983268738,35532,LAPTOP-B1AMSLFS,127.0.0.1,234.58993983268738,87,43500,43500,87000,87000,4.625,56.05,125.0,34600.5,199.5,125.0,34600.5,199.5,1.708593726158142,0.0003000000142492354,-0.020271696,-0.030865522,0.0001762431,0.9234241,0.0060971654,0.8878806,0.0,1.708593726158142,0.0003000000142492354,-0.031140022,-0.062041815,0.00039134052,0.9479319,0.017857056,0.9119295,0.0
